"email";"language"
"monemail220006@test.test";"zh"
"monemail220009@test.test";"es"
"monemail220010@test.test";"it"
"monemail220012@test.test";"de"
"monemail220025@test.test";"es"
"monemail220031@test.test";"br"
"monemail220036@test.test";"es"
"monemail220051@test.test";"es"
"monemail220059@test.test";"zh"
"monemail220060@test.test";"hy"
"monemail220062@test.test";"es"
"monemail220065@test.test";"zh"
"monemail220068@test.test";"es"
"monemail220072@test.test";"zh"
"monemail220084@test.test";"es"
"monemail220086@test.test";"es"
"monemail220099@test.test";"es"
"monemail220110@test.test";"es"
"monemail220112@test.test";"ar"
"monemail220126@test.test";"es"
"monemail220127@test.test";"es"
"monemail220128@test.test";"ar"
"monemail220136@test.test";"ja"
"monemail220140@test.test";"de"
"monemail220142@test.test";"ff"
"monemail220149@test.test";"ar"
"monemail220152@test.test";"it"
"monemail220156@test.test";"es"
"monemail220157@test.test";"es"
"monemail220161@test.test";"ar"
"monemail220169@test.test";"tl"
"monemail220183@test.test";"de"
"monemail220190@test.test";"es"
"monemail220195@test.test";"de"
"monemail220207@test.test";"ar"
"monemail220209@test.test";"ar"
"monemail220210@test.test";"es"
"monemail220214@test.test";"es"
"monemail220215@test.test";"es"
"monemail220227@test.test";"es"
"monemail220238@test.test";"es"
"monemail220243@test.test";"es"
"monemail220251@test.test";"es"
"monemail220257@test.test";"es"
"monemail220265@test.test";"es"
"monemail220267@test.test";"es"
"monemail220274@test.test";"es"
"monemail220288@test.test";"es"
"monemail220293@test.test";"es"
"monemail220295@test.test";"es"
"monemail220301@test.test";"es"
"monemail220312@test.test";"ar"
"monemail220318@test.test";"es"
"monemail220322@test.test";"es"
"monemail220325@test.test";"es"
"monemail220327@test.test";"ar"
"monemail220328@test.test";"de"
"monemail220329@test.test";"it"
"monemail220336@test.test";"pt"
"monemail220340@test.test";"de"
"monemail220343@test.test";"it"
"monemail220344@test.test";"es"
"monemail220356@test.test";"es"
"monemail220367@test.test";"wo"
"monemail220368@test.test";"ar"
"monemail220374@test.test";"es"
"monemail220379@test.test";"zh"
"monemail220380@test.test";"it"
"monemail220381@test.test";"es"
"monemail220382@test.test";"es"
"monemail220387@test.test";"es"
"monemail220391@test.test";"es"
"monemail220405@test.test";"it"
"monemail220409@test.test";"es"
"monemail220411@test.test";"de"
"monemail220436@test.test";"ar"
"monemail220442@test.test";"es"
"monemail220445@test.test";"es"
"monemail220450@test.test";"es"
"monemail220453@test.test";"hi"
"monemail220457@test.test";"es"
"monemail220458@test.test";"de"
"monemail220461@test.test";"ar"
"monemail220463@test.test";"es"
"monemail220468@test.test";"es"
"monemail220477@test.test";"de"
"monemail220482@test.test";"es"
"monemail220509@test.test";"tr"
"monemail220514@test.test";"de"
"monemail220517@test.test";"it"
"monemail220518@test.test";"it"
"monemail220524@test.test";"ru"
"monemail220526@test.test";"de"
"monemail220528@test.test";"es"
"monemail220530@test.test";"es"
"monemail220536@test.test";"ar"
"monemail220541@test.test";"es"
"monemail220545@test.test";"ar"
"monemail220548@test.test";"es"
"monemail220550@test.test";"bg"
"monemail220554@test.test";"lo"
"monemail220561@test.test";"es"
"monemail220566@test.test";"es"
"monemail220571@test.test";"ar"
"monemail220590@test.test";"it"
"monemail220596@test.test";"es"
"monemail220597@test.test";"ar"
"monemail220599@test.test";"es"
"monemail220610@test.test";"pt"
"monemail220617@test.test";"es"
"monemail220629@test.test";"es"
"monemail220632@test.test";"es"
"monemail220633@test.test";"es"
"monemail220639@test.test";"pt"
"monemail220646@test.test";"es"
"monemail220648@test.test";"es"
"monemail220652@test.test";"ta"
"monemail220670@test.test";"pt"
"monemail220698@test.test";"es"
"monemail220699@test.test";"es"
"monemail220701@test.test";"es"
"monemail220704@test.test";"de"
"monemail220706@test.test";"es"
"monemail220713@test.test";"ar"
"monemail220724@test.test";"ln"
"monemail220733@test.test";"es"
"monemail220734@test.test";"es"
"monemail220736@test.test";"ln"
"monemail220738@test.test";"es"
"monemail220741@test.test";"es"
"monemail220745@test.test";"es"
"monemail220754@test.test";"es"
"monemail220762@test.test";"es"
"monemail220765@test.test";"es"
"monemail220769@test.test";"mg"
"monemail220774@test.test";"tr"
"monemail220781@test.test";"es"
"monemail220785@test.test";"zh"
"monemail220791@test.test";"es"
"monemail220796@test.test";"zh"
"monemail220798@test.test";"es"
"monemail220801@test.test";"es"
"monemail220803@test.test";"de"
"monemail220804@test.test";"es"
"monemail220805@test.test";"es"
"monemail220817@test.test";"pa"
"monemail220820@test.test";"ar"
"monemail220825@test.test";"ar"
"monemail220827@test.test";"es"
"monemail220829@test.test";"es"
"monemail220840@test.test";"es"
"monemail220844@test.test";"pl"
"monemail220851@test.test";"es"
"monemail220856@test.test";"fa"
"monemail220858@test.test";"es"
"monemail220860@test.test";"zh"
"monemail220863@test.test";"de"
"monemail220875@test.test";"zh"
"monemail220879@test.test";"es"
"monemail220881@test.test";"es"
"monemail220884@test.test";"es"
"monemail220886@test.test";"es"
"monemail220889@test.test";"es"
"monemail220895@test.test";"bm"
"monemail220927@test.test";"de"
"monemail220928@test.test";"pt"
"monemail220933@test.test";"es"
"monemail220936@test.test";"de"
"monemail220951@test.test";"zh"
"monemail220952@test.test";"ar"
"monemail220955@test.test";"es"
"monemail220970@test.test";"it"
"monemail220979@test.test";"ar"
"monemail220984@test.test";"de"
"monemail220998@test.test";"it"
"monemail221009@test.test";"tl"
"monemail221011@test.test";"it"
"monemail221013@test.test";"it"
"monemail221014@test.test";"ru"
"monemail221016@test.test";"de"
"monemail221035@test.test";"ar"
"monemail221044@test.test";"de"
"monemail221047@test.test";"es"
"monemail221065@test.test";"es"
"monemail221075@test.test";"zh"
"monemail221083@test.test";"ja"
"monemail221087@test.test";"es"
"monemail221088@test.test";"zh"
"monemail221090@test.test";"es"
"monemail221096@test.test";"de"
"monemail221098@test.test";"it"
"monemail221102@test.test";"ar"
"monemail221107@test.test";"bm"
"monemail221113@test.test";"de"
"monemail221116@test.test";"ar"
"monemail221120@test.test";"de"
"monemail221127@test.test";"de"
"monemail221128@test.test";"de"
"monemail221142@test.test";"pl"
"monemail221156@test.test";"zh"
"monemail221160@test.test";"es"
"monemail221161@test.test";"es"
"monemail221165@test.test";"vi"
"monemail221171@test.test";"de"
"monemail221202@test.test";"es"
"monemail221221@test.test";"es"
"monemail221225@test.test";"es"
"monemail221229@test.test";"es"
"monemail221230@test.test";"zh"
"monemail221237@test.test";"de"
"monemail221239@test.test";"es"
"monemail221248@test.test";"de"
"monemail221250@test.test";"es"
"monemail221258@test.test";"es"
"monemail221268@test.test";"tr"
"monemail221269@test.test";"tr"
"monemail221271 @test.test";"it"
"monemail221272@test.test";"es"
"monemail221285@test.test";"de"
"monemail221290@test.test";"es"
"monemail221325@test.test";"es"
"monemail221327@test.test";"es"
"monemail221328@test.test";"de"
"monemail221332@test.test";"es"
"monemail221334@test.test";"ar"
"monemail221341@test.test";"zh"
"monemail221346@test.test";"es"
"monemail221349@test.test";"es"
"monemail221367@test.test";"es"
"monemail221374@test.test";"es"
"monemail221378@test.test";"de"
"monemail221383@test.test";"es"
"monemail221388@test.test";"es"
"monemail221392@test.test";"ar"
"monemail221397@test.test";"de"
"monemail221399@test.test";"es"
"monemail221401@test.test";"es"
"monemail221418@test.test";"de"
"monemail221423@test.test";"es"
"monemail221436@test.test";"de"
"monemail221437@test.test";"es"
"monemail221439@test.test";"es"
"monemail221441@test.test";"es"
"monemail221442@test.test";"ar"
"monemail221444@test.test";"tr"
"monemail221445@test.test";"km"
"monemail221453@test.test";"yo"
"monemail221459@test.test";"es"
"monemail221460@test.test";"it"
"monemail221465@test.test";"es"
"monemail221467@test.test";"es"
"monemail221485@test.test";"es"
"monemail221486@test.test";"pt"
"monemail221488@test.test";"es"
"monemail221493@test.test";"es"
"monemail221496@test.test";"de"
"monemail221497@test.test";"ar"
"monemail221499@test.test";"es"
"monemail221509@test.test";"es"
"monemail221511@test.test";"es"
"monemail221518@test.test";"es"
"monemail221521@test.test";"it"
"monemail221523@test.test";"es"
"monemail221539@test.test";"pt"
"monemail221555@test.test";"ln"
"monemail221557@test.test";"mg"
"monemail221559@test.test";"mg"
"monemail221567@test.test";"es"
"monemail221569@test.test";"zh"
"monemail221574@test.test";"es"
"monemail221583@test.test";"es"
"monemail221610@test.test";"de"
"monemail221614@test.test";"de"
"monemail221617@test.test";"es"
"monemail221618@test.test";"zh"
"monemail221626@test.test";"es"
"monemail221645@test.test";"it"
"monemail221646@test.test";"es"
"monemail221651@test.test";"de"
"monemail221652@test.test";"wo"
"monemail221656@test.test";"de"
"monemail221679@test.test";"ar"
"monemail221693@test.test";"es"
"monemail221698@test.test";"es"
"monemail221702@test.test";"vi"
"monemail221704@test.test";"ru"
"monemail221709@test.test";"es"
"monemail221726@test.test";"pt"
"monemail221727@test.test";"ar"
"monemail221733@test.test";"tr"
"monemail221745@test.test";"es"
"monemail221746@test.test";"bb"
"monemail221754@test.test";"es"
"monemail221760@test.test";"es"
"monemail221768@test.test";"es"
"monemail221798@test.test";"es"
"monemail221800@test.test";"ar"
"monemail221805@test.test";"es"
"monemail221815@test.test";"ar"
"monemail221816@test.test";"zh"
"monemail221831@test.test";"ee"
"monemail221837@test.test";"es"
"monemail221841@test.test";"de"
"monemail221845@test.test";"de"
"monemail221847@test.test";"ar"
"monemail221854@test.test";"ta"
"monemail221859@test.test";"de"
"monemail221866@test.test";"it"
"monemail221870@test.test";"se"
"monemail221871@test.test";"es"
"monemail221875@test.test";"es"
"monemail221883@test.test";"ar"
"monemail221885@test.test";"zh"
"monemail221886@test.test";"es"
"monemail221893@test.test";"es"
"monemail221899@test.test";"ar"
"monemail221911@test.test";"es"
"monemail221927@test.test";"ar"
"monemail221943@test.test";"de"
"monemail221944@test.test";"es"
"monemail221946@test.test";"es"
"monemail221950@test.test";"es"
"monemail221952@test.test";"ar"
"monemail221959@test.test";"gu"
"monemail221979@test.test";"es"
"monemail221986@test.test";"es"
"monemail221987@test.test";"es"
"monemail221990@test.test";"es"
"monemail221995@test.test";"es"
"monemail221998@test.test";"es"
"monemail222009@test.test";"ar"
"monemail222013@test.test";"ln"
"monemail222014@test.test";"zh"
"monemail222025@test.test";"ar"
"monemail222026@test.test";"es"
"monemail222028@test.test";"ar"
"monemail222033@test.test";"ar"
"monemail222040@test.test";"ar"
"monemail222047@test.test";"tr"
"monemail222053@test.test";"ta"
"monemail222054@test.test";"es"
"monemail222055@test.test";"es"
"monemail222065@test.test";"es"
"monemail222068@test.test";"es"
"monemail222078@test.test";"ar"
"monemail222082@test.test";"ar"
"monemail222094@test.test";"yo"
"monemail222096@test.test";"es"
"monemail222104@test.test";"de"
"monemail222108@test.test";"de"
"monemail222115@test.test";"ta"
"monemail222125@test.test";"ln"
"monemail222132@test.test";"ta"
"monemail222136@test.test";"es"
"monemail222144@test.test";"de"
"monemail222156@test.test";"pt"
"monemail222160@test.test";"el"
"monemail222163@test.test";"zh"
"monemail222173@test.test";"es"
"monemail222174@test.test";"ar"
"monemail222192@test.test";"br"
"monemail222198@test.test";"mg"
"monemail222199@test.test";"es"
"monemail222201@test.test";"ar"
"monemail222212@test.test";"es"
"monemail222218@test.test";"ff"
"monemail222222@test.test";"hy"
"monemail222231@test.test";"es"
"monemail222236@test.test";"es"
"monemail222240@test.test";"ar"
"monemail222246@test.test";"it"
"monemail222269@test.test";"ar"
"monemail222271@test.test";"wo"
"monemail222277@test.test";"ar"
"monemail222278@test.test";"pt"
"monemail222279@test.test";"es"
"monemail222282@test.test";"es"
"monemail222286@test.test";"es"
"monemail222289@test.test";"es"
"monemail222296@test.test";"es"
"monemail222299@test.test";"ar"
"monemail222306@test.test";"pt"
"monemail222324@test.test";"es"
"monemail222325@test.test";"es"
"monemail222328@test.test";"es"
"monemail222342@test.test";"ar"
"monemail222344@test.test";"es"
"monemail222345@test.test";"zh"
"monemail222352@test.test";"ta"
"monemail222354@test.test";"es"
"monemail222358@test.test";"es"
"monemail222363@test.test";"es"
"monemail222364@test.test";"zh"
"monemail222370@test.test";"es"
"monemail222373@test.test";"sr"
"monemail222376@test.test";"es"
"monemail222383@test.test";"tr"
"monemail222386@test.test";"ar"
"monemail222389@test.test";"es"
"monemail222392@test.test";"es"
"monemail222394@test.test";"zh"
"monemail222396@test.test";"zh"
"monemail222403@test.test";"es"
"monemail222415@test.test";"es"
"monemail222420@test.test";"mg"
"monemail222421@test.test";"es"
"monemail222424@test.test";"wo"
"monemail222427@test.test";"es"
"monemail222428@test.test";"it"
"monemail222430@test.test";"es"
"monemail222433@test.test";"pt"
"monemail222435@test.test";"ar"
"monemail222439@test.test";"fa"
"monemail222452@test.test";"hy"
"monemail222453@test.test";"es"
"monemail222455@test.test";"es"
"monemail222458@test.test";"ar"
"monemail222488@test.test";"de"
"monemail222501@test.test";"ar"
"monemail222502@test.test";"de"
"monemail222503@test.test";"it"
"monemail222509@test.test";"wo"
"monemail222520@test.test";"es"
"monemail222525@test.test";"zh"
"monemail222528@test.test";"ar"
"monemail222533@test.test";"zh"
"monemail222539@test.test";"ar"
"monemail222543@test.test";"zh"
"monemail222551@test.test";"it"
"monemail222558@test.test";"es"
"monemail222559@test.test";"ff"
"monemail222561@test.test";"ar"
"monemail222566@test.test";"ar"
"monemail222569@test.test";"zh"
"monemail222573@test.test";"ar"
"monemail222579@test.test";"es"
"monemail222583@test.test";"es"
"monemail222585@test.test";"de"
"monemail222593@test.test";"zh"
"monemail222596@test.test";"es"
"monemail222602@test.test";"es"
"monemail222615@test.test";"vi"
"monemail222625@test.test";"es"
"monemail222631@test.test";"pt"
"monemail222632@test.test";"es"
"monemail222636@test.test";"es"
"monemail222641@test.test";"ar"
"monemail222646@test.test";"es"
"monemail222649@test.test";"es"
"monemail222653@test.test";"it"
"monemail222687@test.test";"bm"
"monemail222696@test.test";"es"
"monemail222702@test.test";"it"
"monemail222712@test.test";"es"
"monemail222714@test.test";"es"
"monemail222727@test.test";"ar"
"monemail222728@test.test";"tr"
"monemail222733@test.test";"es"
"monemail222746@test.test";"sv"
"monemail222747@test.test";"es"
"monemail222770@test.test";"it"
"monemail222773@test.test";"es"
"monemail222780@test.test";"es"
"monemail222783@test.test";"es"
"monemail222805@test.test";"es"
"monemail222807@test.test";"es"
"monemail222808@test.test";"es"
"monemail222818@test.test";"es"
"monemail222819@test.test";"es"
"monemail222820@test.test";"ar"
"monemail222839@test.test";"mg"
"monemail222842@test.test";"es"
"monemail222843@test.test";"es"
"monemail222849@test.test";"es"
"monemail222854@test.test";"es"
"monemail222859@test.test";"it"
"monemail222860@test.test";"es"
"monemail222864@test.test";"ar"
"monemail222871@test.test";"es"
"monemail222884@test.test";"tl"
"monemail222889@test.test";"de"
"monemail222891@test.test";"ln"
"monemail222893@test.test";"es"
"monemail222898@test.test";"es"
"monemail222899@test.test";"zh"
"monemail222902@test.test";"es"
"monemail222904@test.test";"ar"
"monemail222909@test.test";"es"
"monemail222920@test.test";"de"
"monemail222923@test.test";"ar"
"monemail222929@test.test";"zh"
"monemail222933@test.test";"ta"
"monemail222943@test.test";"ar"
"monemail222945@test.test";"es"
"monemail222946@test.test";"es"
"monemail222947@test.test";"pt"
"monemail222950@test.test";"ar"
"monemail222958@test.test";"oc"
"monemail222959@test.test";"ar"
"monemail222965@test.test";"ka"
"monemail222967@test.test";"es"
"monemail222968@test.test";"ht"
"monemail222973@test.test";"ar"
"monemail222984@test.test";"ar"
"monemail222993@test.test";"ar"
"monemail223015@test.test";"es"
"monemail223027@test.test";"zh"
"monemail223033@test.test";"es"
"monemail223039@test.test";"zh"
"monemail223057@test.test";"es"
"monemail223059@test.test";"wo"
"monemail223068@test.test";"pt"
"monemail223070@test.test";"pt"
"monemail223080@test.test";"ta"
"monemail223088@test.test";"es"
"monemail223094@test.test";"ar"
"monemail223095@test.test";"es"
"monemail223096@test.test";"ar"
"monemail223101@test.test";"de"
"monemail223109@test.test";"ta"
"monemail223111@test.test";"es"
"monemail223113@test.test";"vi"
"monemail223116@test.test";"ru"
"monemail223122@test.test";"ar"
"monemail223125@test.test";"sv"
"monemail223138@test.test";"de"
"monemail223149@test.test";"ar"
"monemail223160@test.test";"ar"
"monemail223165@test.test";"es"
"monemail223168@test.test";"es"
"monemail223175@test.test";"es"
"monemail223177@test.test";"pt"
"monemail223180@test.test";"es"
"monemail223181@test.test";"it"
"monemail223188@test.test";"wo"
"monemail223194@test.test";"zh"
"monemail223209@test.test";"es"
"monemail223213@test.test";"de"
"monemail223219@test.test";"es"
"monemail223221@test.test";"sr"
"monemail223222@test.test";"zh"
"monemail223224@test.test";"es"
"monemail223235@test.test";"bb"
"monemail223240@test.test";"es"
"monemail223242@test.test";"it"
"monemail223252@test.test";"es"
"monemail223257@test.test";"ar"
"monemail223266@test.test";"vi"
"monemail223271@test.test";"es"
"monemail223278@test.test";"es"
"monemail223279@test.test";"zh"
"monemail223281@test.test";"ro"
"monemail223287@test.test";"wo"
"monemail223298@test.test";"es"
"monemail223307@test.test";"tr"
"monemail223315@test.test";"es"
"monemail223318@test.test";"es"
"monemail223320@test.test";"zh"
"monemail223323@test.test";"bm"
"monemail223338@test.test";"es"
"monemail223347@test.test";"es"
"monemail223348@test.test";"de"
"monemail223353@test.test";"es"
"monemail223355@test.test";"ht"
"monemail223360@test.test";"de"
"monemail223361@test.test";"es"
"monemail223364@test.test";"de"
"monemail223365@test.test";"es"
"monemail223380@test.test";"es"
"monemail223385@test.test";"zh"
"monemail223398@test.test";"ar"
"monemail223410@test.test";"es"
"monemail223414@test.test";"ar"
"monemail223418@test.test";"ar"
"monemail223419@test.test";"it"
"monemail223433@test.test";"ar"
"monemail223436@test.test";"es"
"monemail223441@test.test";"he"
"monemail223443@test.test";"zh"
"monemail223447@test.test";"zh"
"monemail223457@test.test";"es"
"monemail223458@test.test";"it"
"monemail223465@test.test";"ar"
"monemail223468@test.test";"es"
"monemail223476@test.test";"nl"
"monemail223477@test.test";"pt"
"monemail223479@test.test";"es"
"monemail223481@test.test";"ku"
"monemail223485@test.test";"es"
"monemail223500@test.test";"es"
"monemail223506@test.test";"es"
"monemail223507@test.test";"ta"
"monemail223510@test.test";"it"
"monemail223514@test.test";"zh"
"monemail223515@test.test";"es"
"monemail223517@test.test";"es"
"monemail223519@test.test";"zh"
"monemail223524@test.test";"es"
"monemail223526@test.test";"ar"
"monemail223527@test.test";"es"
"monemail223540@test.test";"ar"
"monemail223542@test.test";"ta"
"monemail223550@test.test";"ar"
"monemail223560@test.test";"es"
"monemail223561@test.test";"es"
"monemail223565@test.test";"de"
"monemail223567@test.test";"de"
"monemail223570@test.test";"de"
"monemail223577@test.test";"es"
"monemail223587@test.test";"de"
"monemail223590@test.test";"he"
"monemail223608@test.test";"es"
"monemail223609@test.test";"es"
"monemail223611@test.test";"it"
"monemail223614@test.test";"es"
"monemail223617@test.test";"ar"
"monemail223623@test.test";"bm"
"monemail223634@test.test";"es"
"monemail223636@test.test";"ar"
"monemail223638@test.test";"zh"
"monemail223641@test.test";"it"
"monemail223647@test.test";"ar"
"monemail223651@test.test";"zh"
"monemail223654@test.test";"de"
"monemail223657@test.test";"vi"
"monemail223658@test.test";"ru"
"monemail223661@test.test";"es"
"monemail223675@test.test";"ar"
"monemail223676@test.test";"es"
"monemail223680@test.test";"pt"
"monemail223683@test.test";"es"
"monemail223689@test.test";"es"
"monemail223691@test.test";"es"
"monemail223696@test.test";"de"
"monemail223697@test.test";"ht"
"monemail223699@test.test";"bb"
"monemail223707@test.test";"es"
"monemail223708@test.test";"ar"
"monemail223709@test.test";"zh"
"monemail223720@test.test";"ja"
"monemail223722@test.test";"es"
"monemail223724@test.test";"es"
"monemail223749@test.test";"bm"
"monemail223752@test.test";"de"
"monemail223753@test.test";"ar"
"monemail223754@test.test";"de"
"monemail223756@test.test";"ln"
"monemail223761@test.test";"de"
"monemail223774@test.test";"es"
"monemail223782@test.test";"es"
"monemail223797@test.test";"ar"
"monemail223801@test.test";"es"
"monemail223810@test.test";"es"
"monemail223811@test.test";"es"
"monemail223818@test.test";"it"
"monemail223819@test.test";"es"
"monemail223822@test.test";"ar"
"monemail223830@test.test";"ar"
"monemail223832@test.test";"de"
"monemail223835@test.test";"es"
"monemail223839@test.test";"es"
"monemail223843@test.test";"es"
"monemail223844@test.test";"zh"
"monemail223852@test.test";"de"
"monemail223859@test.test";"es"
"monemail223884@test.test";"es"
"monemail223888@test.test";"ar"
"monemail223899@test.test";"ar"
"monemail223900@test.test";"ta"
"monemail223901@test.test";"ar"
"monemail223908@test.test";"ar"
"monemail223914@test.test";"es"
"monemail223915@test.test";"de"
"monemail223924@test.test";"es"
"monemail223928@test.test";"zh"
"monemail223934@test.test";"zh"
"monemail223935@test.test";"es"
"monemail223936@test.test";"es"
"monemail223946@test.test";"es"
"monemail223951@test.test";"es"
"monemail223952@test.test";"es"
"monemail223967@test.test";"es"
"monemail223968@test.test";"es"
"monemail223988@test.test";"es"
"monemail223989@test.test";"wo"
"monemail223991@test.test";"es"
"monemail223994@test.test";"es"
"monemail223997@test.test";"es"
"monemail224004@test.test";"es"
"monemail224007@test.test";"ar"
"monemail224015@test.test";"vi"
"monemail224018@test.test";"es"
"monemail224022@test.test";"ar"
"monemail224024@test.test";"it"
"monemail224026@test.test";"es"
"monemail224027@test.test";"bb"
"monemail224029@test.test";"it"
"monemail224031@test.test";"de"
"monemail224032@test.test";"zh"
"monemail224037@test.test";"es"
"monemail224063@test.test";"de"
"monemail224065@test.test";"zh"
"monemail224068@test.test";"de"
"monemail224069@test.test";"bb"
"monemail224075@test.test";"es"
"monemail224078@test.test";"de"
"monemail224088@test.test";"de"
"monemail224105@test.test";"es"
"monemail224111@test.test";"es"
"monemail224115@test.test";"zh"
"monemail224125@test.test";"ar"
"monemail224127@test.test";"ar"
"monemail224138@test.test";"es"
"monemail224141@test.test";"es"
"monemail224144@test.test";"es"
"monemail224147@test.test";"es"
"monemail224148@test.test";"zh"
"monemail224162@test.test";"es"
"monemail224171@test.test";"es"
"monemail224172@test.test";"es"
"monemail224185@test.test";"es"
"monemail224186@test.test";"es"
"monemail224196@test.test";"it"
"monemail224198@test.test";"ar"
"monemail224205@test.test";"es"
"monemail224210@test.test";"pl"
"monemail224221@test.test";"ru"
"monemail224227@test.test";"ar"
"monemail224241@test.test";"mg"
"monemail224246@test.test";"es"
"monemail224260@test.test";"ar"
"monemail224262@test.test";"es"
"monemail224263@test.test";"es"
"monemail224265@test.test";"de"
"monemail224270@test.test";"es"
"monemail224271@test.test";"es"
"monemail224275@test.test";"ar"
"monemail224288@test.test";"zh"
"monemail224289@test.test";"es"
"monemail224291@test.test";"es"
"monemail224297@test.test";"ar"
"monemail224310@test.test";"es"
"monemail224312@test.test";"vi"
"monemail224313@test.test";"es"
"monemail224316@test.test";"es"
"monemail224332@test.test";"ar"
"monemail224333@test.test";"sw"
"monemail224340@test.test";"es"
"monemail224345@test.test";"ar"
"monemail224347@test.test";"de"
"monemail224353@test.test";"es"
"monemail224363@test.test";"ar"
"monemail224373@test.test";"es"
"monemail224379@test.test";"es"
"monemail224399@test.test";"pt"
"monemail224400@test.test";"ro"
"monemail224404@test.test";"it"
"monemail224409@test.test";"ar"
"monemail224425@test.test";"it"
"monemail224433@test.test";"es"
"monemail224436@test.test";"it"
"monemail224438@test.test";"es"
"monemail224443@test.test";"es"
"monemail224447@test.test";"fa"
"monemail224453@test.test";"es"
"monemail224461@test.test";"es"
"monemail224482@test.test";"es"
"monemail224488@test.test";"ar"
"monemail224489@test.test";"es"
"monemail224497@test.test";"it"
"monemail224503@test.test";"de"
"monemail224504@test.test";"ar"
"monemail224510@test.test";"ar"
"monemail224511@test.test";"de"
"monemail224531@test.test";"zh"
"monemail224534@test.test";"ar"
"monemail224535@test.test";"ar"
"monemail224541@test.test";"es"
"monemail224545@test.test";"ar"
"monemail224546@test.test";"es"
"monemail224549@test.test";"he"
"monemail224553@test.test";"ta"
"monemail224556@test.test";"it"
"monemail224561@test.test";"zh"
"monemail224566@test.test";"bm"
"monemail224567@test.test";"de"
"monemail224569@test.test";"ar"
"monemail224570@test.test";"es"
"monemail224571@test.test";"yo"
"monemail224575@test.test";"de"
"monemail224587@test.test";"es"
"monemail224589@test.test";"hy"
"monemail224590@test.test";"ru"
"monemail224595@test.test";"es"
"monemail224601@test.test";"es"
"monemail224615@test.test";"de"
"monemail224618@test.test";"es"
"monemail224627@test.test";"es"
"monemail224632@test.test";"es"
"monemail224640@test.test";"es"
"monemail224641@test.test";"eu"
"monemail224645@test.test";"es"
"monemail224648@test.test";"es"
"monemail224651@test.test";"es"
"monemail224652@test.test";"ar"
"monemail224659@test.test";"es"
"monemail224662@test.test";"zh"
"monemail224668@test.test";"ln"
"monemail224671@test.test";"es"
"monemail224675@test.test";"ln"
"monemail224698@test.test";"ar"
"monemail224699@test.test";"de"
"monemail224704@test.test";"es"
"monemail224714@test.test";"ar"
"monemail224721@test.test";"zh"
"monemail224722@test.test";"ar"
"monemail224731@test.test";"es"
"monemail224733@test.test";"ar"
"monemail224749@test.test";"es"
"monemail224756@test.test";"es"
"monemail224758@test.test";"ar"
"monemail224763@test.test";"ar"
"monemail224766@test.test";"ar"
"monemail224767@test.test";"ar"
"monemail224789@test.test";"da"
"monemail224792@test.test";"es"
"monemail224796@test.test";"ar"
"monemail224798@test.test";"es"
"monemail224799@test.test";"it"
"monemail224807@test.test";"ar"
"monemail224830@test.test";"es"
"monemail224835@test.test";"es"
"monemail224852@test.test";"de"
"monemail224877@test.test";"es"
"monemail224913@test.test";"ar"
"monemail224921@test.test";"km"
"monemail224925@test.test";"es"
"monemail224935@test.test";"ar"
"monemail224969@test.test";"ar"
"monemail224973@test.test";"zh"
"monemail224977@test.test";"ko"
"monemail224987@test.test";"sr"
"monemail224988@test.test";"es"
"monemail224995@test.test";"es"
"monemail225001@test.test";"tr"
"monemail225002@test.test";"es"
"monemail225028@test.test";"es"
"monemail225030@test.test";"es"
"monemail225039@test.test";"es"
"monemail225044@test.test";"es"
"monemail225050@test.test";"de"
"monemail225055@test.test";"ar"
"monemail225064@test.test";"ar"
"monemail225082@test.test";"bg"
"monemail225083@test.test";"de"
"monemail225095@test.test";"tr"
"monemail225122@test.test";"ln"
"monemail225123@test.test";"nl"
"monemail225129@test.test";"ar"
"monemail225133@test.test";"ar"
"monemail225137@test.test";"es"
"monemail225154@test.test";"de"
"monemail225161@test.test";"zh"
"monemail220003@test.test";"zh"
"monemail220011@test.test";"pt"
"monemail220019@test.test";"de"
"monemail220094@test.test";"de"
"monemail220104@test.test";"hy"
"monemail220129@test.test";"ar"
"monemail220211@test.test";"ar"
"monemail220219@test.test";"pt"
"monemail220236@test.test";"ar"
"monemail220349@test.test";"de"
"monemail220373@test.test";"ht"
"monemail220433@test.test";"it"
"monemail220443@test.test";"ht"
"monemail220493@test.test";"de"
"monemail220540@test.test";"ar"
"monemail220544@test.test";"ar"
"monemail220559@test.test";"ko"
"monemail220589@test.test";"ku"
"monemail220603@test.test";"de"
"monemail220746@test.test";"ar"
"monemail220789@test.test";"ln"
"monemail220845@test.test";"ce"
"monemail220870@test.test";"ar"
"monemail220877@test.test";"pt"
"monemail220932@test.test";"de"
"monemail221001@test.test";"ro"
"monemail221036@test.test";"bm"
"monemail221082@test.test";"ff"
"monemail221099@test.test";"zh"
"monemail221149@test.test";"de"
"monemail221168@test.test";"pt"
"monemail221174@test.test";"ar"
"monemail221176@test.test";"zh"
"monemail221177@test.test";"es"
"monemail221284@test.test";"ar"
"monemail221307@test.test";"it"
"monemail221447@test.test";"de"
"monemail221451@test.test";"ce"
"monemail221472@test.test";"pt"
"monemail221495@test.test";"zh"
"monemail221534@test.test";"de"
"monemail221594@test.test";"ar"
"monemail221597@test.test";"de"
"monemail221616@test.test";"nl"
"monemail221725@test.test";"zh"
"monemail221762@test.test";"ro"
"monemail221771@test.test";"ku"
"monemail221799@test.test";"it"
"monemail221804@test.test";"it"
"monemail221860@test.test";"ar"
"monemail221920@test.test";"de"
"monemail221936@test.test";"ln"
"monemail221942@test.test";"ar"
"monemail221971@test.test";"la"
"monemail221984@test.test";"it"
"monemail221992@test.test";"ar"
"monemail222060@test.test";"es"
"monemail222066@test.test";"it"
"monemail222091@test.test";"es"
"monemail222146@test.test";"zh"
"monemail222158@test.test";"ar"
"monemail222159@test.test";"es"
"monemail222207@test.test";"ar"
"monemail222261@test.test";"ar"
"monemail222284@test.test";"ar"
"monemail222355@test.test";"ar"
"monemail222367@test.test";"bn"
"monemail222368@test.test";"ca"
"monemail222381@test.test";"ca"
"monemail222410@test.test";"es"
"monemail222440@test.test";"ar"
"monemail222470@test.test";"ar"
"monemail222481@test.test";"zh"
"monemail222490@test.test";"es"
"monemail222518@test.test";"ru"
"monemail222527@test.test";"ar"
"monemail222548@test.test";"ar"
"monemail222557@test.test";"ar"
"monemail222568@test.test";"ar"
"monemail222571@test.test";"ar"
"monemail222575@test.test";"es"
"monemail222603@test.test";"ku"
"monemail222691@test.test";"zh"
"monemail222704@test.test";"zh"
"monemail222732@test.test";"ar"
"monemail222737@test.test";"it"
"monemail222738@test.test";"pt"
"monemail222740@test.test";"ar"
"monemail222794@test.test";"pt"
"monemail222834@test.test";"es"
"monemail222870@test.test";"zh"
"monemail222887@test.test";"zh"
"monemail222892@test.test";"zh"
"monemail222934@test.test";"ar"
"monemail222939@test.test";"ar"
"monemail222940@test.test";"ar"
"monemail222942@test.test";"ko"
"monemail222952@test.test";"ca"
"monemail222957@test.test";"de"
"monemail222979@test.test";"ar"
"monemail222990@test.test";"ar"
"monemail223017@test.test";"ar"
"monemail223135@test.test";"ja"
"monemail223184@test.test";"es"
"monemail223196@test.test";"ar"
"monemail223223@test.test";"ar"
"monemail223250@test.test";"ar"
"monemail223256@test.test";"ar"
"monemail223284@test.test";"es"
"monemail223293@test.test";"ca"
"monemail223294@test.test";"ru"
"monemail223326@test.test";"de"
"monemail223335@test.test";"rw"
"monemail223343@test.test";"ar"
"monemail223416@test.test";"ja"
"monemail223446@test.test";"ru"
"monemail223480@test.test";"ar"
"monemail223525@test.test";"pt"
"monemail223555@test.test";"ja"
"monemail223601@test.test";"ar"
"monemail223630@test.test";"ru"
"monemail223660@test.test";"ar"
"monemail223679@test.test";"es"
"monemail223685@test.test";"ln"
"monemail223706@test.test";"lo"
"monemail223725@test.test";"mg"
"monemail223731@test.test";"ar"
"monemail223768@test.test";"fa"
"monemail223770@test.test";"ru"
"monemail223772@test.test";"ar"
"monemail223828@test.test";"es"
"monemail223833@test.test";"ar"
"monemail223841@test.test";"ar"
"monemail223869@test.test";"ar"
"monemail223870@test.test";"it"
"monemail223878@test.test";"it"
"monemail223909@test.test";"it"
"monemail223970@test.test";"ar"
"monemail223976@test.test";"bn"
"monemail223978@test.test";"ar"
"monemail224003@test.test";"pt"
"monemail224006@test.test";"ar"
"monemail224020@test.test";"ar"
"monemail224052@test.test";"de"
"monemail224130@test.test";"it"
"monemail224213@test.test";"ro"
"monemail224229@test.test";"pt"
"monemail224235@test.test";"ar"
"monemail224281@test.test";"ar"
"monemail224284@test.test";"zh"
"monemail224328@test.test";"es"
"monemail224382@test.test";"ar"
"monemail224384@test.test";"ru"
"monemail224416@test.test";"kg"
"monemail224435@test.test";"pt"
"monemail224459@test.test";"de"
"monemail224462@test.test";"ar"
"monemail224466@test.test";"pt"
"monemail224500@test.test";"hy"
"monemail224518@test.test";"kg"
"monemail224530@test.test";"ce"
"monemail224539@test.test";"hy"
"monemail224552@test.test";"bb"
"monemail224554@test.test";"ar"
"monemail224564@test.test";"it"
"monemail224576@test.test";"bm"
"monemail224600@test.test";"pt"
"monemail224657@test.test";"co"
"monemail224690@test.test";"pt"
"monemail224695@test.test";"ar"
"monemail224734@test.test";"ar"
"monemail224736@test.test";"ar"
"monemail224742@test.test";"ar"
"monemail224783@test.test";"pt"
"monemail224803@test.test";"fi"
"monemail224819@test.test";"ff"
"monemail224866@test.test";"zh"
"monemail224885@test.test";"ar"
"monemail224906@test.test";"zh"
"monemail224910@test.test";"nl"
"monemail224976@test.test";"de"
"monemail225048@test.test";"ru"
"monemail225067@test.test";"zh"
"monemail225102@test.test";"ca"
"monemail225120@test.test";"ro"
"monemail225147@test.test";"ar"
"monemail225153@test.test";"ar"
"monemail220003@test.test";"it"
"monemail220011@test.test";"es"
"monemail220019@test.test";"ta"
"monemail220094@test.test";"es"
"monemail220104@test.test";"ru"
"monemail220129@test.test";"es"
"monemail220211@test.test";"es"
"monemail220219@test.test";"es"
"monemail220236@test.test";"zh"
"monemail220349@test.test";"es"
"monemail220373@test.test";"pt"
"monemail220433@test.test";"pt"
"monemail220443@test.test";"es"
"monemail220493@test.test";"ru"
"monemail220540@test.test";"es"
"monemail220544@test.test";"es"
"monemail220559@test.test";"es"
"monemail220589@test.test";"tr"
"monemail220603@test.test";"it"
"monemail220746@test.test";"es"
"monemail220789@test.test";"es"
"monemail220845@test.test";"es"
"monemail220870@test.test";"es"
"monemail220877@test.test";"es"
"monemail220932@test.test";"es"
"monemail221001@test.test";"es"
"monemail221036@test.test";"es"
"monemail221082@test.test";"wo"
"monemail221099@test.test";"es"
"monemail221149@test.test";"es"
"monemail221168@test.test";"es"
"monemail221174@test.test";"es"
"monemail221176@test.test";"es"
"monemail221177@test.test";"ta"
"monemail221284@test.test";"es"
"monemail221307@test.test";"es"
"monemail221447@test.test";"es"
"monemail221451@test.test";"ru"
"monemail221472@test.test";"es"
"monemail221495@test.test";"de"
"monemail221534@test.test";"es"
"monemail221594@test.test";"es"
"monemail221597@test.test";"it"
"monemail221616@test.test";"de"
"monemail221725@test.test";"ja"
"monemail221762@test.test";"es"
"monemail221771@test.test";"tr"
"monemail221799@test.test";"es"
"monemail221804@test.test";"es"
"monemail221860@test.test";"es"
"monemail221920@test.test";"es"
"monemail221936@test.test";"pt"
"monemail221942@test.test";"es"
"monemail221971@test.test";"es"
"monemail221984@test.test";"es"
"monemail221992@test.test";"es"
"monemail222060@test.test";"ta"
"monemail222066@test.test";"es"
"monemail222091@test.test";"wo"
"monemail222146@test.test";"es"
"monemail222158@test.test";"es"
"monemail222159@test.test";"vi"
"monemail222207@test.test";"it"
"monemail222261@test.test";"ru"
"monemail222284@test.test";"de"
"monemail222355@test.test";"es"
"monemail222367@test.test";"es"
"monemail222368@test.test";"es"
"monemail222381@test.test";"es"
"monemail222410@test.test";"ta"
"monemail222440@test.test";"de"
"monemail222470@test.test";"es"
"monemail222481@test.test";"de"
"monemail222490@test.test";"sw"
"monemail222518@test.test";"es"
"monemail222527@test.test";"es"
"monemail222548@test.test";"es"
"monemail222557@test.test";"es"
"monemail222568@test.test";"es"
"monemail222571@test.test";"es"
"monemail222575@test.test";"ta"
"monemail222603@test.test";"tr"
"monemail222691@test.test";"de"
"monemail222704@test.test";"es"
"monemail222732@test.test";"it"
"monemail222737@test.test";"es"
"monemail222738@test.test";"es"
"monemail222740@test.test";"es"
"monemail222794@test.test";"es"
"monemail222834@test.test";"ta"
"monemail222870@test.test";"it"
"monemail222887@test.test";"it"
"monemail222892@test.test";"sg"
"monemail222934@test.test";"es"
"monemail222939@test.test";"es"
"monemail222940@test.test";"tr"
"monemail222942@test.test";"es"
"monemail222952@test.test";"es"
"monemail222957@test.test";"es"
"monemail222979@test.test";"es"
"monemail222990@test.test";"it"
"monemail223017@test.test";"it"
"monemail223135@test.test";"es"
"monemail223184@test.test";"vi"
"monemail223196@test.test";"es"
"monemail223223@test.test";"es"
"monemail223250@test.test";"es"
"monemail223256@test.test";"es"
"monemail223284@test.test";"ta"
"monemail223293@test.test";"es"
"monemail223294@test.test";"uk"
"monemail223326@test.test";"ja"
"monemail223335@test.test";"rn"
"monemail223343@test.test";"de"
"monemail223416@test.test";"es"
"monemail223446@test.test";"uk"
"monemail223480@test.test";"it"
"monemail223525@test.test";"es"
"monemail223555@test.test";"es"
"monemail223601@test.test";"de"
"monemail223630@test.test";"es"
"monemail223660@test.test";"es"
"monemail223679@test.test";"tr"
"monemail223685@test.test";"pt"
"monemail223706@test.test";"th"
"monemail223725@test.test";"es"
"monemail223731@test.test";"zh"
"monemail223768@test.test";"es"
"monemail223770@test.test";"es"
"monemail223772@test.test";"hy"
"monemail223828@test.test";"wo"
"monemail223833@test.test";"es"
"monemail223841@test.test";"es"
"monemail223869@test.test";"es"
"monemail223870@test.test";"es"
"monemail223878@test.test";"es"
"monemail223909@test.test";"es"
"monemail223970@test.test";"es"
"monemail223976@test.test";"hi"
"monemail223978@test.test";"es"
"monemail224003@test.test";"es"
"monemail224006@test.test";"bb"
"monemail224020@test.test";"es"
"monemail224052@test.test";"es"
"monemail224130@test.test";"es"
"monemail224213@test.test";"es"
"monemail224229@test.test";"es"
"monemail224235@test.test";"zh"
"monemail224281@test.test";"es"
"monemail224284@test.test";"de"
"monemail224328@test.test";"ta"
"monemail224382@test.test";"it"
"monemail224384@test.test";"uk"
"monemail224416@test.test";"ln"
"monemail224435@test.test";"es"
"monemail224459@test.test";"es"
"monemail224462@test.test";"it"
"monemail224466@test.test";"es"
"monemail224500@test.test";"tr"
"monemail224518@test.test";"ln"
"monemail224530@test.test";"ru"
"monemail224539@test.test";"ru"
"monemail224552@test.test";"de"
"monemail224554@test.test";"it"
"monemail224564@test.test";"es"
"monemail224576@test.test";"es"
"monemail224600@test.test";"es"
"monemail224657@test.test";"es"
"monemail224690@test.test";"es"
"monemail224695@test.test";"es"
"monemail224734@test.test";"ru"
"monemail224736@test.test";"it"
"monemail224742@test.test";"es"
"monemail224783@test.test";"es"
"monemail224803@test.test";"es"
"monemail224819@test.test";"wo"
"monemail224866@test.test";"es"
"monemail224885@test.test";"de"
"monemail224906@test.test";"de"
"monemail224910@test.test";"es"
"monemail224976@test.test";"no"
"monemail225048@test.test";"es"
"monemail225067@test.test";"es"
"monemail225102@test.test";"es"
"monemail225120@test.test";"ru"
"monemail225147@test.test";"es"
"monemail225153@test.test";"es"
"monemail220447@test.test";"de"
"monemail220508@test.test";"ar"
"monemail220709@test.test";"zh"
"monemail220802@test.test";"it"
"monemail220812@test.test";"hr"
"monemail220867@test.test";"ar"
"monemail221833@test.test";"bn"
"monemail221972@test.test";"ro"
"monemail222380@test.test";"hi"
"monemail222436@test.test";"zh"
"monemail222531@test.test";"de"
"monemail222757@test.test";"hy"
"monemail222964@test.test";"bs"
"monemail224187@test.test";"zh"
"monemail224366@test.test";"ce"
"monemail224521@test.test";"it"
"monemail224769@test.test";"de"
"monemail224853@test.test";"it"
"monemail224856@test.test";"zh"
"monemail224905@test.test";"ja"
"monemail225080@test.test";"ee"
"monemail225149@test.test";"de"
"monemail220447@test.test";"ru"
"monemail220508@test.test";"zh"
"monemail220709@test.test";"km"
"monemail220802@test.test";"pa"
"monemail220812@test.test";"es"
"monemail220867@test.test";"bb"
"monemail221833@test.test";"it"
"monemail221972@test.test";"ru"
"monemail222380@test.test";"pa"
"monemail222436@test.test";"ja"
"monemail222531@test.test";"it"
"monemail222757@test.test";"zh"
"monemail222964@test.test";"hr"
"monemail224187@test.test";"pt"
"monemail224366@test.test";"de"
"monemail224521@test.test";"ru"
"monemail224769@test.test";"la"
"monemail224853@test.test";"pt"
"monemail224856@test.test";"hu"
"monemail224905@test.test";"ko"
"monemail225080@test.test";"ig"
"monemail225149@test.test";"pl"
"monemail220447@test.test";"uk"
"monemail220508@test.test";"de"
"monemail220709@test.test";"es"
"monemail220802@test.test";"ur"
"monemail220812@test.test";"sr"
"monemail220867@test.test";"es"
"monemail221833@test.test";"es"
"monemail221972@test.test";"es"
"monemail222380@test.test";"ur"
"monemail222436@test.test";"ko"
"monemail222531@test.test";"es"
"monemail222757@test.test";"es"
"monemail222964@test.test";"sr"
"monemail224187@test.test";"es"
"monemail224366@test.test";"ru"
"monemail224521@test.test";"es"
"monemail224769@test.test";"es"
"monemail224853@test.test";"es"
"monemail224856@test.test";"es"
"monemail224905@test.test";"es"
"monemail225080@test.test";"wo"
"monemail225149@test.test";"ru"
